PassengerId,Survived,Pclass,Name,Age,SibSp,Parch,Ticket,Fare,Cabin,Embarked,Family,Person
1,0,22,"Braund, Mr. Owen Harris",22,1,0,A/5 21171,7,,S,1,male
3,1,26,"Heikkinen, Miss. Laina",26,0,0,STON/O2. 3101282,7,,S,0,female
4,1,35,"Futrelle, Mrs. Jacques Heath (Lily May Peel)",35,1,0,113803,53,C123,S,1,female
5,0,35,"Allen, Mr. William Henry",35,0,0,373450,8,,S,0,male
7,0,54,"McCarthy, Mr. Timothy J",54,0,0,17463,51,E46,S,0,male
8,0,2,"Palsson, Master. Gosta Leonard",2,3,1,349909,21,,S,1,child
9,1,27,"Johnson, Mrs. Oscar W (Elisabeth Vilhelmina Berg)",27,0,2,347742,11,,S,1,female
10,1,14,"Nasser, Mrs. Nicholas (Adele Achem)",14,1,0,237736,30,,C,1,child
11,1,4,"Sandstrom, Miss. Marguerite Rut",4,1,1,PP 9549,16,G6,S,1,child
14,0,39,"Andersson, Mr. Anders Johan",39,1,5,347082,31,,S,1,male
15,0,14,"Vestrom, Miss. Hulda Amanda Adolfina",14,0,0,350406,7,,S,0,child
16,1,55,"Hewlett, Mrs. (Mary D Kingcome) ",55,0,0,248706,16,,S,0,female
17,0,2,"Rice, Master. Eugene",2,4,1,382652,29,,Q,1,child
18,1,24,"Williams, Mr. Charles Eugene",24,0,0,244373,13,,S,0,male
21,0,35,"Fynney, Mr. Joseph J",35,0,0,239865,26,,S,0,male
22,1,34,"Beesley, Mr. Lawrence",34,0,0,248698,13,D56,S,0,male
23,1,15,"McGowan, Miss. Anna ""Annie""",15,0,0,330923,8,,Q,0,child
24,1,28,"Sloper, Mr. William Thompson",28,0,0,113788,35,A6,S,0,male
25,0,8,"Palsson, Miss. Torborg Danira",8,3,1,349909,21,,S,1,child
26,1,38,"Asplund, Mrs. Carl Oscar (Selma Augusta Emilia Johansson)",38,1,5,347077,31,,S,1,female
27,0,24,"Emir, Mr. Farred Chehab",24,0,0,2631,7,,C,0,male
28,0,19,"Fortune, Mr. Charles Alexander",19,3,2,19950,263,C23 C25 C27,S,1,male
30,0,24,"Todoroff, Mr. Lalio",24,0,0,349216,7,,S,0,male
31,0,40,"Uruchurtu, Don. Manuel E",40,0,0,PC 17601,27,,C,0,male
32,1,24,"Spencer, Mrs. William Augustus (Marie Eugenie)",24,1,0,PC 17569,146,B78,C,1,female
33,1,24,"Glynn, Miss. Mary Agatha",24,0,0,335677,7,,Q,0,female
34,0,66,"Wheadon, Mr. Edward H",66,0,0,C.A. 24579,10,,S,0,male
35,0,28,"Meyer, Mr. Edgar Joseph",28,1,0,PC 17604,82,,C,1,male
36,0,42,"Holverson, Mr. Alexander Oskar",42,1,0,113789,52,,S,1,male
39,0,18,"Vander Planke, Miss. Augusta Maria",18,2,0,345764,18,,S,1,female
40,1,14,"Nicola-Yarred, Miss. Jamila",14,1,0,2651,11,,C,1,child
41,0,40,"Ahlin, Mrs. Johan (Johanna Persdotter Larsson)",40,1,0,7546,9,,S,1,female
42,0,27,"Turpin, Mrs. William John Robert (Dorothy Ann Wonnacott)",27,1,0,11668,21,,S,1,female
43,0,24,"Kraeff, Mr. Theodor",24,0,0,349253,7,,C,0,male
44,1,3,"Laroche, Miss. Simonne Marie Anne Andree",3,1,2,SC/Paris 2123,41,,C,1,child
45,1,19,"Devaney, Miss. Margaret Delia",19,0,0,330958,7,,Q,0,female
46,0,24,"Rogers, Mr. William John",24,0,0,S.C./A.4. 23567,8,,S,0,male
47,0,24,"Lennon, Mr. Denis",24,1,0,370371,15,,Q,1,male
49,0,24,"Samaan, Mr. Youssef",24,2,0,2662,21,,C,1,male
50,0,18,"Arnold-Franchi, Mrs. Josef (Josefine Franchi)",18,1,0,349237,17,,S,1,female
51,0,7,"Panula, Master. Juha Niilo",7,4,1,3101295,39,,S,1,child
53,1,49,"Harper, Mrs. Henry Sleeper (Myna Haxtun)",49,1,0,PC 17572,76,D33,C,1,female
54,1,29,"Faunthorpe, Mrs. Lizzie (Elizabeth Anne Wilkinson)",29,1,0,2926,26,,S,1,female
55,0,65,"Ostby, Mr. Engelhart Cornelius",65,0,1,113509,61,B30,C,1,male
56,1,24,"Woolner, Mr. Hugh",24,0,0,19947,35,C52,S,0,male
57,1,21,"Rugg, Miss. Emily",21,0,0,C.A. 31026,10,,S,0,female
58,0,28,"Novel, Mr. Mansouer",28,0,0,2697,7,,C,0,male
59,1,5,"West, Miss. Constance Mirium",5,1,2,C.A. 34651,27,,S,1,child
60,0,11,"Goodwin, Master. William Frederick",11,5,2,CA 2144,46,,S,1,child
61,0,22,"Sirayanian, Mr. Orsen",22,0,0,2669,7,,C,0,male
62,1,38,"Icard, Miss. Amelie",38,0,0,113572,80,B28,,0,female
63,0,45,"Harris, Mr. Henry Birkhardt",45,1,0,36973,83,C83,S,1,male
64,0,4,"Skoog, Master. Harald",4,3,2,347088,27,,S,1,child
65,0,24,"Stewart, Mr. Albert A",24,0,0,PC 17605,27,,C,0,male
66,1,24,"Moubarek, Master. Gerios",24,1,1,2661,15,,C,1,male
67,1,29,"Nye, Mrs. (Elizabeth Ramell)",29,0,0,C.A. 29395,10,F33,S,0,female
68,0,19,"Crease, Mr. Ernest James",19,0,0,S.P. 3464,8,,S,0,male
69,1,17,"Andersson, Miss. Erna Alexandra",17,4,2,3101281,7,,S,1,female
70,0,26,"Kink, Mr. Vincenz",26,2,0,315151,8,,S,1,male
71,0,32,"Jenkin, Mr. Stephen Curnow",32,0,0,C.A. 33111,10,,S,0,male
72,0,16,"Goodwin, Miss. Lillian Amy",16,5,2,CA 2144,46,,S,1,female
74,0,26,"Chronopoulos, Mr. Apostolos",26,1,0,2680,14,,C,1,male
75,1,32,"Bing, Mr. Lee",32,0,0,1601,56,,S,0,male
76,0,25,"Moen, Mr. Sigurd Hansen",25,0,0,348123,7,F G73,S,0,male
77,0,24,"Staneff, Mr. Ivan",24,0,0,349208,7,,S,0,male
78,0,24,"Moutal, Mr. Rahamin Haim",24,0,0,374746,8,,S,0,male
80,1,30,"Dowdell, Miss. Elizabeth",30,0,0,364516,12,,S,0,female
81,0,22,"Waelens, Mr. Achille",22,0,0,345767,9,,S,0,male
82,1,29,"Sheerlinck, Mr. Jan Baptist",29,0,0,345779,9,,S,0,male
83,1,24,"McDermott, Miss. Brigdet Delia",24,0,0,330932,7,,Q,0,female
84,0,28,"Carrau, Mr. Francisco M",28,0,0,113059,47,,S,0,male
85,1,17,"Ilett, Miss. Bertha",17,0,0,SO/C 14885,10,,S,0,female
86,1,33,"Backstrom, Mrs. Karl Alfred (Maria Mathilda Gustafsson)",33,3,0,3101278,15,,S,1,female
87,0,16,"Ford, Mr. William Neal",16,1,3,W./C. 6608,34,,S,1,male
88,0,24,"Slocovski, Mr. Selman Francis",24,0,0,SOTON/OQ 392086,8,,S,0,male
89,1,23,"Fortune, Miss. Mabel Helen",23,3,2,19950,263,C23 C25 C27,S,1,female
90,0,24,"Celotti, Mr. Francesco",24,0,0,343275,8,,S,0,male
92,0,20,"Andreasson, Mr. Paul Edvin",20,0,0,347466,7,,S,0,male
93,0,46,"Chaffee, Mr. Herbert Fuller",46,1,0,W.E.P. 5734,61,E31,S,1,male
94,0,26,"Dean, Mr. Bertram Frank",26,1,2,C.A. 2315,20,,S,1,male
95,0,59,"Coxon, Mr. Daniel",59,0,0,364500,7,,S,0,male
96,0,24,"Shorney, Mr. Charles Joseph",24,0,0,374910,8,,S,0,male
97,0,71,"Goldschmidt, Mr. George B",71,0,0,PC 17754,34,A5,C,0,male
98,1,23,"Greenfield, Mr. William Bertram",23,0,1,PC 17759,63,D10 D12,C,1,male
101,0,28,"Petranec, Miss. Matilda",28,0,0,349245,7,,S,0,female
102,0,24,"Petroff, Mr. Pastcho (""Pentcho"")",24,0,0,349215,7,,S,0,male
103,0,21,"White, Mr. Richard Frasar",21,0,1,35281,77,D26,S,1,male
104,0,33,"Johansson, Mr. Gustaf Joel",33,0,0,7540,8,,S,0,male
105,0,37,"Gustafsson, Mr. Anders Vilhelm",37,2,0,3101276,7,,S,1,male
107,1,21,"Salkjelsvik, Miss. Anna Kristine",21,0,0,343120,7,,S,0,female
109,0,38,"Rekic, Mr. Tido",38,0,0,349249,7,,S,0,male
111,0,47,"Porter, Mr. Walter Chamberlain",47,0,0,110465,52,C110,S,0,male
112,0,14,"Zabour, Miss. Hileni",14,1,0,2665,14,,C,1,child
113,0,22,"Barton, Mr. David John",22,0,0,324669,8,,S,0,male
114,0,20,"Jussila, Miss. Katriina",20,1,0,4136,9,,S,1,female
115,0,17,"Attalah, Miss. Malake",17,0,0,2627,14,,C,0,female
116,0,21,"Pekoniemi, Mr. Edvard",21,0,0,STON/O 2. 3101294,7,,S,0,male
117,0,70,"Connors, Mr. Patrick",70,0,0,370369,7,,Q,0,male
118,0,29,"Turpin, Mr. William John Robert",29,1,0,11668,21,,S,1,male
119,0,24,"Baxter, Mr. Quigg Edmond",24,0,1,PC 17558,247,B58 B60,C,1,male
120,0,2,"Andersson, Miss. Ellis Anna Maria",2,4,2,347082,31,,S,1,child
121,0,21,"Hickman, Mr. Stanley George",21,2,0,S.O.C. 14879,73,,S,1,male
122,0,24,"Moore, Mr. Leonard Charles",24,0,0,A4. 54510,8,,S,0,male
123,0,32,"Nasser, Mr. Nicholas",32,1,0,237736,30,,C,1,male
124,1,32,"Webber, Miss. Susan",32,0,0,27267,13,E101,S,0,female
125,0,54,"White, Mr. Percival Wayland",54,0,1,35281,77,D26,S,1,male
126,1,12,"Nicola-Yarred, Master. Elias",12,1,0,2651,11,,C,1,child
127,0,24,"McMahon, Mr. Martin",24,0,0,370372,7,,Q,0,male
129,1,24,"Peter, Miss. Anna",24,1,1,2668,22,F E69,C,1,female
130,0,45,"Ekstrom, Mr. Johan",45,0,0,347061,6,,S,0,male
132,0,20,"Coelho, Mr. Domingos Fernandeo",20,0,0,SOTON/O.Q. 3101307,7,,S,0,male
133,0,47,"Robins, Mrs. Alexander A (Grace Charity Laury)",47,1,0,A/5. 3337,14,,S,1,female
134,1,29,"Weisz, Mrs. Leopold (Mathilde Francoise Pede)",29,1,0,228414,26,,S,1,female
135,0,25,"Sobey, Mr. Samuel James Hayden",25,0,0,C.A. 29178,13,,S,0,male
136,0,23,"Richard, Mr. Emile",23,0,0,SC/PARIS 2133,15,,C,0,male
137,1,19,"Newsom, Miss. Helen Monypeny",19,0,2,11752,26,D47,S,1,female
138,0,37,"Futrelle, Mr. Jacques Heath",37,1,0,113803,53,C123,S,1,male
140,0,24,"Giglio, Mr. Victor",24,0,0,PC 17593,79,B86,C,0,male
141,0,24,"Boulos, Mrs. Joseph (Sultana)",24,0,2,2678,15,,C,1,female
143,1,24,"Hakkarainen, Mrs. Pekka Pietari (Elin Matilda Dolck)",24,1,0,STON/O2. 3101279,15,,S,1,female
144,0,19,"Burke, Mr. Jeremiah",19,0,0,365222,6,,Q,0,male
146,0,19,"Nicholls, Mr. Joseph Charles",19,1,1,C.A. 33112,36,,S,1,male
147,1,27,"Andersson, Mr. August Edvard (""Wennerstrom"")",27,0,0,350043,7,,S,0,male
148,0,9,"Ford, Miss. Robina Maggie ""Ruby""",9,2,2,W./C. 6608,34,,S,1,child
149,0,36,"Navratil, Mr. Michel (""Louis M Hoffman"")",36,0,2,230080,26,F2,S,1,male
152,1,22,"Pears, Mrs. Thomas (Edith Wearne)",22,1,0,113776,66,C2,S,1,female
153,0,55,"Meo, Mr. Alfonzo",55,0,0,A.5. 11206,8,,S,0,male
154,0,40,"van Billiard, Mr. Austin Blyler",40,0,2,A/5. 851,14,,S,1,male
155,0,24,"Olsen, Mr. Ole Martin",24,0,0,Fa 265302,7,,S,0,male
156,0,51,"Williams, Mr. Charles Duane",51,0,1,PC 17597,61,,C,1,male
158,0,30,"Corn, Mr. Harry",30,0,0,SOTON/OQ 392090,8,,S,0,male
159,0,24,"Smiljanic, Mr. Mile",24,0,0,315037,8,,S,0,male
160,0,24,"Sage, Master. Thomas Henry",24,8,2,CA. 2343,69,,S,1,male
162,1,40,"Watt, Mrs. James (Elizabeth ""Bessie"" Inglis Milne)",40,0,0,C.A. 33595,15,,S,0,female
164,0,17,"Calic, Mr. Jovo",17,0,0,315093,8,,S,0,male
165,0,1,"Panula, Master. Eino Viljami",1,4,1,3101295,39,,S,1,child
166,1,9,"Goldsmith, Master. Frank John William ""Frankie""",9,0,2,363291,20,,S,1,child
167,1,24,"Chibnall, Mrs. (Edith Martha Bowerman)",24,0,1,113505,55,E33,S,1,female
168,0,45,"Skoog, Mrs. William (Anna Bernhardina Karlsson)",45,1,4,347088,27,,S,1,female
169,0,24,"Baumann, Mr. John D",24,0,0,PC 17318,25,,S,0,male
171,0,61,"Van der hoef, Mr. Wyckoff",61,0,0,111240,33,B19,S,0,male
173,1,1,"Johnson, Miss. Eleanor Ileen",1,1,1,347742,11,,S,1,child
174,0,21,"Sivola, Mr. Antti Wilhelm",21,0,0,STON/O 2. 3101280,7,,S,0,male
175,0,56,"Smith, Mr. James Clinch",56,0,0,17764,30,A7,C,0,male
177,0,24,"Lefebre, Master. Henry Forbes",24,3,1,4133,25,,S,1,male
178,0,50,"Isham, Miss. Ann Elizabeth",50,0,0,PC 17595,28,C49,C,0,female
179,0,30,"Hale, Mr. Reginald",30,0,0,250653,13,,S,0,male
180,0,36,"Leonard, Mr. Lionel",36,0,0,LINE,0,,S,0,male
181,0,24,"Sage, Miss. Constance Gladys",24,8,2,CA. 2343,69,,S,1,female
182,0,24,"Pernot, Mr. Rene",24,0,0,SC/PARIS 2131,15,,C,0,male
183,0,9,"Asplund, Master. Clarence Gustaf Hugo",9,4,2,347077,31,,S,1,child
184,1,1,"Becker, Master. Richard F",1,2,1,230136,39,F4,S,1,child
185,1,4,"Kink-Heilmann, Miss. Luise Gretchen",4,0,2,315153,22,,S,1,child
186,0,24,"Rood, Mr. Hugh Roscoe",24,0,0,113767,50,A32,S,0,male
187,1,24,"O'Brien, Mrs. Thomas (Johanna ""Hannah"" Godfrey)",24,1,0,370365,15,,Q,1,female
188,1,45,"Romaine, Mr. Charles Hallace (""Mr C Rolmane"")",45,0,0,111428,26,,S,0,male
189,0,40,"Bourke, Mr. John",40,1,1,364849,15,,Q,1,male
191,1,32,"Pinsky, Mrs. (Rosa)",32,0,0,234604,13,,S,0,female
192,0,19,"Carbines, Mr. William",19,0,0,28424,13,,S,0,male
194,1,3,"Navratil, Master. Michel M",3,1,1,230080,26,F2,S,1,child
195,1,44,"Brown, Mrs. James Joseph (Margaret Tobin)",44,0,0,PC 17610,27,B4,C,0,female
196,1,58,"Lurette, Miss. Elise",58,0,0,PC 17569,146,B80,C,0,female
197,0,24,"Mernagh, Mr. Robert",24,0,0,368703,7,,Q,0,male
198,0,42,"Olsen, Mr. Karl Siegwart Andreas",42,0,1,4579,8,,S,1,male
199,1,24,"Madigan, Miss. Margaret ""Maggie""",24,0,0,370370,7,,Q,0,female
200,0,24,"Yrois, Miss. Henriette (""Mrs Harbeck"")",24,0,0,248747,13,,S,0,female
201,0,28,"Vande Walle, Mr. Nestor Cyriel",28,0,0,345770,9,,S,0,male
202,0,24,"Sage, Mr. Frederick",24,8,2,CA. 2343,69,,S,1,male
203,0,34,"Johanson, Mr. Jakob Alfred",34,0,0,3101264,6,,S,0,male
204,0,45,"Youseff, Mr. Gerious",45,0,0,2628,7,,C,0,male
205,1,18,"Cohen, Mr. Gurshon ""Gus""",18,0,0,A/5 3540,8,,S,0,male
207,0,32,"Backstrom, Mr. Karl Alfred",32,1,0,3101278,15,,S,1,male
208,1,26,"Albimona, Mr. Nassef Cassem",26,0,0,2699,18,,C,0,male
209,1,16,"Carr, Miss. Helen ""Ellen""",16,0,0,367231,7,,Q,0,female
210,1,40,"Blank, Mr. Henry",40,0,0,112277,31,A31,C,0,male
211,0,24,"Ali, Mr. Ahmed",24,0,0,SOTON/O.Q. 3101311,7,,S,0,male
212,1,35,"Cameron, Miss. Clear Annie",35,0,0,F.C.C. 13528,21,,S,0,female
213,0,22,"Perkin, Mr. John Henry",22,0,0,A/5 21174,7,,S,0,male
214,0,30,"Givard, Mr. Hans Kristensen",30,0,0,250646,13,,S,0,male
215,0,24,"Kiernan, Mr. Philip",24,1,0,367229,7,,Q,1,male
218,0,42,"Jacobsohn, Mr. Sidney Samuel",42,1,0,243847,27,,S,1,male
220,0,30,"Harris, Mr. Walter",30,0,0,W/C 14208,10,,S,0,male
221,1,16,"Sunderland, Mr. Victor Francis",16,0,0,SOTON/OQ 392089,8,,S,0,male
222,0,27,"Bracken, Mr. James H",27,0,0,220367,13,,S,0,male
223,0,51,"Green, Mr. George Henry",51,0,0,21440,8,,S,0,male
224,0,24,"Nenkoff, Mr. Christo",24,0,0,349234,7,,S,0,male
225,1,38,"Hoyt, Mr. Frederick Maxfield",38,1,0,19943,90,C93,S,1,male
226,0,22,"Berglund, Mr. Karl Ivar Sven",22,0,0,PP 4348,9,,S,0,male
227,1,19,"Mellors, Mr. William John",19,0,0,SW/PP 751,10,,S,0,male
228,0,20,"Lovell, Mr. John Hall (""Henry"")",20,0,0,A/5 21173,7,,S,0,male
230,0,24,"Lefebre, Miss. Mathilde",24,3,1,4133,25,,S,1,female
231,1,35,"Harris, Mrs. Henry Birkhardt (Irene Wallach)",35,1,0,36973,83,C83,S,1,female
232,0,29,"Larsson, Mr. Bengt Edvin",29,0,0,347067,7,,S,0,male
233,0,59,"Sjostedt, Mr. Ernst Adolf",59,0,0,237442,13,,S,0,male
235,0,24,"Leyson, Mr. Robert William Norman",24,0,0,C.A. 29566,10,,S,0,male
236,0,24,"Harknett, Miss. Alice Phoebe",24,0,0,W./C. 6609,7,,S,0,female
240,0,33,"Hunt, Mr. George Henry",33,0,0,SCO/W 1585,12,,S,0,male
241,0,24,"Zabour, Miss. Thamine",24,1,0,2665,14,,C,1,female
243,0,29,"Coleridge, Mr. Reginald Charles",29,0,0,W./C. 14263,10,,S,0,male
244,0,22,"Maenpaa, Mr. Matti Alexanteri",22,0,0,STON/O 2. 3101275,7,,S,0,male
245,0,30,"Attalah, Mr. Sleiman",30,0,0,2694,7,,C,0,male
247,0,25,"Lindahl, Miss. Agda Thorilda Viktoria",25,0,0,347071,7,,S,0,female
248,1,24,"Hamalainen, Mrs. William (Anna)",24,0,2,250649,14,,S,1,female
249,1,37,"Beckwith, Mr. Richard Leonard",37,1,1,11751,52,D35,S,1,male
251,0,24,"Reed, Mr. James George",24,0,0,362316,7,,S,0,male
253,0,62,"Stead, Mr. William Thomas",62,0,0,113514,26,C87,S,0,male
254,0,30,"Lobb, Mr. William Arthur",30,1,0,A/5. 3336,16,,S,1,male
255,0,41,"Rosblom, Mrs. Viktor (Helena Wilhelmina)",41,0,2,370129,20,,S,1,female
256,1,29,"Touma, Mrs. Darwis (Hanne Youssef Razi)",29,0,2,2650,15,,C,1,female
257,1,24,"Thorne, Mrs. Gertrude Maybelle",24,0,0,PC 17585,79,,C,0,female
259,1,35,"Ward, Miss. Anna",35,0,0,PC 17755,512,,C,0,female
260,1,50,"Parrish, Mrs. (Lutie Davis)",50,0,1,230433,26,,S,1,female
261,0,24,"Smith, Mr. Thomas",24,0,0,384461,7,,Q,0,male
262,1,3,"Asplund, Master. Edvin Rojj Felix",3,4,2,347077,31,,S,1,child
263,0,52,"Taussig, Mr. Emil",52,1,1,110413,79,E67,S,1,male
265,0,24,"Henry, Miss. Delia",24,0,0,382649,7,,Q,0,female
266,0,36,"Reeves, Mr. David",36,0,0,C.A. 17248,10,,S,0,male
267,0,16,"Panula, Mr. Ernesti Arvid",16,4,1,3101295,39,,S,1,male
268,1,25,"Persson, Mr. Ernst Ulrik",25,1,0,347083,7,,S,1,male
270,1,35,"Bissette, Miss. Amelia",35,0,0,PC 17760,135,C99,S,0,female
271,0,24,"Cairns, Mr. Alexander",24,0,0,113798,31,,S,0,male
272,1,25,"Tornquist, Mr. William Henry",25,0,0,LINE,0,,S,0,male
273,1,41,"Mellinger, Mrs. (Elizabeth Anne Maidment)",41,0,1,250644,19,,S,1,female
274,0,37,"Natsch, Mr. Charles H",37,0,1,PC 17596,29,C118,C,1,male
275,1,24,"Healy, Miss. Hanora ""Nora""",24,0,0,370375,7,,Q,0,female
276,1,63,"Andrews, Miss. Kornelia Theodosia",63,1,0,13502,77,D7,S,1,female
277,0,45,"Lindblom, Miss. Augusta Charlotta",45,0,0,347073,7,,S,0,female
278,0,24,"Parkes, Mr. Francis ""Frank""",24,0,0,239853,0,,S,0,male
281,0,65,"Duane, Mr. Frank",65,0,0,336439,7,,Q,0,male
282,0,28,"Olsson, Mr. Nils Johan Goransson",28,0,0,347464,7,,S,0,male
285,0,24,"Smith, Mr. Richard William",24,0,0,113056,26,A19,S,0,male
286,0,33,"Stankovic, Mr. Ivan",33,0,0,349239,8,,C,0,male
287,1,30,"de Mulder, Mr. Theodore",30,0,0,345774,9,,S,0,male
288,0,22,"Naidenoff, Mr. Penko",22,0,0,349206,7,,S,0,male
289,1,42,"Hosono, Mr. Masabumi",42,0,0,237798,13,,S,0,male
290,1,22,"Connolly, Miss. Kate",22,0,0,370373,7,,Q,0,female
291,1,26,"Barber, Miss. Ellen ""Nellie""",26,0,0,19877,78,,S,0,female
292,1,19,"Bishop, Mrs. Dickinson H (Helen Walton)",19,1,0,11967,91,B49,C,1,female
293,0,36,"Levy, Mr. Rene Jacques",36,0,0,SC/Paris 2163,12,D,C,0,male
296,0,24,"Lewy, Mr. Ervin G",24,0,0,PC 17612,27,,C,0,male
297,0,23,"Hanna, Mr. Mansour",23,0,0,2693,7,,C,0,male
298,0,2,"Allison, Miss. Helen Loraine",2,1,2,113781,151,C22 C26,S,1,child
299,1,24,"Saalfeld, Mr. Adolphe",24,0,0,19988,30,C106,S,0,male
301,1,24,"Kelly, Miss. Anna Katherine ""Annie Kate""",24,0,0,9234,7,,Q,0,female
302,1,24,"McCoy, Mr. Bernard",24,2,0,367226,23,,Q,1,male
303,0,19,"Johnson, Mr. William Cahoone Jr",19,0,0,LINE,0,,S,0,male
305,0,24,"Williams, Mr. Howard Hugh ""Harry""",24,0,0,A/5 2466,8,,S,0,male
306,1,0,"Allison, Master. Hudson Trevor",0,1,2,113781,151,C22 C26,S,1,child
307,1,24,"Fleming, Miss. Margaret",24,0,0,17421,110,,C,0,female
308,1,17,"Penasco y Castellana, Mrs. Victor de Satode (Maria Josefa Perez de Soto y Vallejo)",17,1,0,PC 17758,108,C65,C,1,female
309,0,30,"Abelson, Mr. Samuel",30,1,0,P/PP 3381,24,,C,1,male
310,1,30,"Francatelli, Miss. Laura Mabel",30,0,0,PC 17485,56,E36,C,0,female
311,1,24,"Hays, Miss. Margaret Bechstein",24,0,0,11767,83,C54,C,0,female
313,0,26,"Lahtinen, Mrs. William (Anna Sylfven)",26,1,1,250651,26,,S,1,female
314,0,28,"Hendekovic, Mr. Ignjac",28,0,0,349243,7,,S,0,male
315,0,43,"Hart, Mr. Benjamin",43,1,1,F.C.C. 13529,26,,S,1,male
316,1,26,"Nilsson, Miss. Helmina Josefina",26,0,0,347470,7,,S,0,female
317,1,24,"Kantor, Mrs. Sinai (Miriam Sternin)",24,1,0,244367,26,,S,1,female
318,0,54,"Moraweck, Dr. Ernest",54,0,0,29011,14,,S,0,male
321,0,22,"Dennis, Mr. Samuel",22,0,0,A/5 21172,7,,S,0,male
322,0,27,"Danoff, Mr. Yoto",27,0,0,349219,7,,S,0,male
324,1,22,"Caldwell, Mrs. Albert Francis (Sylvia Mae Harbaugh)",22,1,1,248738,29,,S,1,female
325,0,24,"Sage, Mr. George John Jr",24,8,2,CA. 2343,69,,S,1,male
326,1,36,"Young, Miss. Marie Grice",36,0,0,PC 17760,135,C32,C,0,female
327,0,61,"Nysveen, Mr. Johan Hansen",61,0,0,345364,6,,S,0,male
328,1,36,"Ball, Mrs. (Ada E Hall)",36,0,0,28551,13,D,S,0,female
329,1,31,"Goldsmith, Mrs. Frank John (Emily Alice Brown)",31,1,1,363291,20,,S,1,female
330,1,16,"Hippach, Miss. Jean Gertrude",16,0,1,111361,57,B18,C,1,female
331,1,24,"McCoy, Miss. Agnes",24,2,0,367226,23,,Q,1,female
332,0,45,"Partner, Mr. Austen",45,0,0,113043,28,C124,S,0,male
333,0,38,"Graham, Mr. George Edward",38,0,1,PC 17582,153,C91,S,1,male
334,0,16,"Vander Planke, Mr. Leo Edmondus",16,2,0,345764,18,,S,1,male
335,1,24,"Frauenthal, Mrs. Henry William (Clara Heinsheimer)",24,1,0,PC 17611,133,,S,1,female
337,0,29,"Pears, Mr. Thomas Clinton",29,1,0,113776,66,C2,S,1,male
338,1,41,"Burns, Miss. Elizabeth Margaret",41,0,0,16966,134,E40,C,0,female
339,1,45,"Dahl, Mr. Karl Edwart",45,0,0,7598,8,,S,0,male
341,1,2,"Navratil, Master. Edmond Roger",2,1,1,230080,26,F2,S,1,child
342,1,24,"Fortune, Miss. Alice Elizabeth",24,3,2,19950,263,C23 C25 C27,S,1,female
343,0,28,"Collander, Mr. Erik Gustaf",28,0,0,248740,13,,S,0,male
344,0,25,"Sedgwick, Mr. Charles Frederick Waddington",25,0,0,244361,13,,S,0,male
345,0,36,"Fox, Mr. Stanley Hubert",36,0,0,229236,13,,S,0,male
347,1,40,"Smith, Miss. Marion Elsie",40,0,0,31418,13,,S,0,female
348,1,24,"Davison, Mrs. Thomas Henry (Mary E Finck)",24,1,0,386525,16,,S,1,female
350,0,42,"Dimic, Mr. Jovan",42,0,0,315088,8,,S,0,male
352,0,24,"Williams-Lambert, Mr. Fletcher Fellows",24,0,0,113510,35,C128,S,0,male
353,0,15,"Elias, Mr. Tannous",15,1,1,2695,7,,C,1,child
354,0,25,"Arnold-Franchi, Mr. Josef",25,1,0,349237,17,,S,1,male
355,0,24,"Yousif, Mr. Wazli",24,0,0,2647,7,,C,0,male
356,0,28,"Vanden Steen, Mr. Leo Peter",28,0,0,345783,9,,S,0,male
357,1,22,"Bowerman, Miss. Elsie Edith",22,0,1,113505,55,E33,S,1,female
358,0,38,"Funk, Miss. Annie Clemmer",38,0,0,237671,13,,S,0,female
359,1,24,"McGovern, Miss. Mary",24,0,0,330931,7,,Q,0,female
361,0,40,"Skoog, Mr. Wilhelm",40,1,4,347088,27,,S,1,male
362,0,29,"del Carlo, Mr. Sebastiano",29,1,0,SC/PARIS 2167,27,,C,1,male
366,0,30,"Adahl, Mr. Mauritz Nils Martin",30,0,0,C 7076,7,,S,0,male
367,1,60,"Warren, Mrs. Frank Manley (Anna Sophia Atkinson)",60,1,0,110813,75,D37,C,1,female
368,1,24,"Moussa, Mrs. (Mantoura Boulos)",24,0,0,2626,7,,C,0,female
369,1,24,"Jermyn, Miss. Annie",24,0,0,14313,7,,Q,0,female
370,1,24,"Aubart, Mme. Leontine Pauline",24,0,0,PC 17477,69,B35,C,0,female
373,0,19,"Beavan, Mr. William Thomas",19,0,0,323951,8,,S,0,male
374,0,22,"Ringhini, Mr. Sante",22,0,0,PC 17760,135,,C,0,male
375,0,3,"Palsson, Miss. Stina Viola",3,3,1,349909,21,,S,1,child
376,1,24,"Meyer, Mrs. Edgar Joseph (Leila Saks)",24,1,0,PC 17604,82,,C,1,female
377,1,22,"Landergren, Miss. Aurora Adelia",22,0,0,C 7077,7,,S,0,female
378,0,27,"Widener, Mr. Harry Elkins",27,0,2,113503,211,C82,C,1,male
379,0,20,"Betros, Mr. Tannous",20,0,0,2648,4,,C,0,male
380,0,19,"Gustafsson, Mr. Karl Gideon",19,0,0,347069,7,,S,0,male
381,1,42,"Bidois, Miss. Rosalie",42,0,0,PC 17757,227,,C,0,female
383,0,32,"Tikkanen, Mr. Juho",32,0,0,STON/O 2. 3101293,7,,S,0,male
384,1,35,"Holverson, Mrs. Alexander Oskar (Mary Aline Towner)",35,1,0,113789,52,,S,1,female
385,0,24,"Plotcharsky, Mr. Vasil",24,0,0,349227,7,,S,0,male
386,0,18,"Davies, Mr. Charles Henry",18,0,0,S.O.C. 14879,73,,S,0,male
387,0,1,"Goodwin, Master. Sidney Leonard",1,5,2,CA 2144,46,,S,1,child
388,1,36,"Buss, Miss. Kate",36,0,0,27849,13,,S,0,female
392,1,21,"Jansson, Mr. Carl Olof",21,0,0,350034,7,,S,0,male
393,0,28,"Gustafsson, Mr. Johan Birger",28,2,0,3101277,7,,S,1,male
394,1,23,"Newell, Miss. Marjorie",23,1,0,35273,113,D36,C,1,female
395,1,24,"Sandstrom, Mrs. Hjalmar (Agnes Charlotta Bengtsson)",24,0,2,PP 9549,16,G6,S,1,female
396,0,22,"Johansson, Mr. Erik",22,0,0,350052,7,,S,0,male
398,0,46,"McKane, Mr. Peter David",46,0,0,28403,26,,S,0,male
399,0,23,"Pain, Dr. Alfred",23,0,0,244278,10,,S,0,male
401,1,39,"Niskanen, Mr. Juha",39,0,0,STON/O 2. 3101289,7,,S,0,male
402,0,26,"Adams, Mr. John",26,0,0,341826,8,,S,0,male
403,0,21,"Jussila, Miss. Mari Aina",21,1,0,4137,9,,S,1,female
405,0,20,"Oreskovic, Miss. Marija",20,0,0,315096,8,,S,0,female
406,0,34,"Gale, Mr. Shadrach",34,1,0,28664,21,,S,1,male
408,1,3,"Richards, Master. William Rowe",3,1,1,29106,18,,S,1,child
409,0,21,"Birkeland, Mr. Hans Martin Monsen",21,0,0,312992,7,,S,0,male
412,0,24,"Hart, Mr. Henry",24,0,0,394140,6,,Q,0,male
413,1,33,"Minahan, Miss. Daisy E",33,1,0,19928,90,C78,Q,1,female
414,0,24,"Cunningham, Mr. Alfred Fleming",24,0,0,239853,0,,S,0,male
415,1,44,"Sundman, Mr. Johan Julian",44,0,0,STON/O 2. 3101269,7,,S,0,male
416,0,24,"Meek, Mrs. Thomas (Annie Louise Rowley)",24,0,0,343095,8,,S,0,female
418,1,18,"Silven, Miss. Lyyli Karoliina",18,0,2,250652,13,,S,1,female
419,0,30,"Matthews, Mr. William John",30,0,0,28228,13,,S,0,male
420,0,10,"Van Impe, Miss. Catharina",10,0,2,345773,24,,S,1,child
422,0,21,"Charters, Mr. David",21,0,0,A/5. 13032,7,,Q,0,male
423,0,29,"Zimmerman, Mr. Leo",29,0,0,315082,7,,S,0,male
424,0,28,"Danbom, Mrs. Ernst Gilbert (Anna Sigrid Maria Brogren)",28,1,1,347080,14,,S,1,female
425,0,18,"Rosblom, Mr. Viktor Richard",18,1,1,370129,20,,S,1,male
426,0,24,"Wiseman, Mr. Phillippe",24,0,0,A/4. 34244,7,,S,0,male
427,1,28,"Clarke, Mrs. Charles V (Ada Maria Winfield)",28,1,0,2003,26,,S,1,female
428,1,19,"Phillips, Miss. Kate Florence (""Mrs Kate Louise Phillips Marshall"")",19,0,0,250655,26,,S,0,female
429,0,24,"Flynn, Mr. James",24,0,0,364851,7,,Q,0,male
430,1,32,"Pickard, Mr. Berk (Berk Trembisky)",32,0,0,SOTON/O.Q. 392078,8,E10,S,0,male
431,1,28,"Bjornstrom-Steffansson, Mr. Mauritz Hakan",28,0,0,110564,26,C52,S,0,male
432,1,24,"Thorneycroft, Mrs. Percival (Florence Kate White)",24,1,0,376564,16,,S,1,female
434,0,17,"Kallio, Mr. Nikolai Erland",17,0,0,STON/O 2. 3101274,7,,S,0,male
436,1,14,"Carter, Miss. Lucile Polk",14,1,2,113760,120,B96 B98,S,1,child
437,0,21,"Ford, Miss. Doolina Margaret ""Daisy""",21,2,2,W./C. 6608,34,,S,1,female
438,1,24,"Richards, Mrs. Sidney (Emily Hocking)",24,2,3,29106,18,,S,1,female
441,1,45,"Hart, Mrs. Benjamin (Esther Ada Bloomfield)",45,1,1,F.C.C. 13529,26,,S,1,female
442,0,20,"Hampe, Mr. Leon",20,0,0,345769,9,,S,0,male
443,0,25,"Petterson, Mr. Johan Emil",25,1,0,347076,7,,S,1,male
444,1,28,"Reynaldo, Ms. Encarnacion",28,0,0,230434,13,,S,0,female
445,1,24,"Johannesen-Bratthammer, Mr. Bernt",24,0,0,65306,8,,S,0,male
447,1,13,"Mellinger, Miss. Madeleine Violet",13,0,1,250644,19,,S,1,child
448,1,34,"Seward, Mr. Frederic Kimber",34,0,0,113794,26,,S,0,male
449,1,5,"Baclini, Miss. Marie Catherine",5,2,1,2666,19,,C,1,child
450,1,52,"Peuchen, Major. Arthur Godfrey",52,0,0,113786,30,C104,S,0,male
451,0,36,"West, Mr. Edwy Arthur",36,1,2,C.A. 34651,27,,S,1,male
452,0,24,"Hagland, Mr. Ingvald Olai Olsen",24,1,0,65303,19,,S,1,male
454,1,49,"Goldenberg, Mr. Samuel L",49,1,0,17453,89,C92,C,1,male
455,0,24,"Peduzzi, Mr. Joseph",24,0,0,A/5 2817,8,,S,0,male
458,1,24,"Kenyon, Mrs. Frederick R (Marion)",24,1,0,17464,51,D21,S,1,female
459,1,50,"Toomey, Miss. Ellen",50,0,0,F.C.C. 13531,10,,S,0,female
461,1,48,"Anderson, Mr. Harry",48,0,0,19952,26,E12,S,0,male
462,0,34,"Morley, Mr. William",34,0,0,364506,8,,S,0,male
466,0,38,"Goncalves, Mr. Manuel Estanslas",38,0,0,SOTON/O.Q. 3101306,7,,S,0,male
467,0,24,"Campbell, Mr. William",24,0,0,239853,0,,S,0,male
468,0,56,"Smart, Mr. John Montgomery",56,0,0,113792,26,,S,0,male
469,0,24,"Scanlan, Mr. James",24,0,0,36209,7,,Q,0,male
472,0,38,"Cacic, Mr. Luka",38,0,0,315089,8,,S,0,male
473,1,33,"West, Mrs. Edwy Arthur (Ada Mary Worth)",33,1,2,C.A. 34651,27,,S,1,female
474,1,23,"Jerwan, Mrs. Amin S (Marie Marthe Thuillard)",23,0,0,SC/AH Basle 541,13,D,C,0,female
475,0,22,"Strandberg, Miss. Ida Sofia",22,0,0,7553,9,,S,0,female
476,0,24,"Clifford, Mr. George Quincy",24,0,0,110465,52,A14,S,0,male
480,1,2,"Hirvonen, Miss. Hildur E",2,0,1,3101298,12,,S,1,child
482,0,24,"Frost, Mr. Anthony Wood ""Archie""",24,0,0,239854,0,,S,0,male
483,0,50,"Rouse, Mr. Richard Henry",50,0,0,A/5 3594,8,,S,0,male
485,1,25,"Bishop, Mr. Dickinson H",25,1,0,11967,91,B49,C,1,male
487,1,35,"Hoyt, Mrs. Frederick Maxfield (Jane Anne Forby)",35,1,0,19943,90,C93,S,1,female
488,0,58,"Kent, Mr. Edward Austin",58,0,0,11771,29,B37,C,0,male
489,0,30,"Somerton, Mr. Francis William",30,0,0,A.5. 18509,8,,S,0,male
490,1,9,"Coutts, Master. Eden Leslie ""Neville""",9,1,1,C.A. 37671,15,,S,1,child
491,0,24,"Hagland, Mr. Konrad Mathias Reiersen",24,1,0,65304,19,,S,1,male
493,0,55,"Molson, Mr. Harry Markland",55,0,0,113787,30,C30,S,0,male
494,0,71,"Artagaveytia, Mr. Ramon",71,0,0,PC 17609,49,,C,0,male
495,0,21,"Stanley, Mr. Edward Roland",21,0,0,A/4 45380,8,,S,0,male
496,0,24,"Yousseff, Mr. Gerious",24,0,0,2627,14,,C,0,male
497,1,54,"Eustis, Miss. Elizabeth Mussey",54,1,0,36947,78,D20,C,1,female
498,0,24,"Shellard, Mr. Frederick William",24,0,0,C.A. 6212,15,,S,0,male
499,0,25,"Allison, Mrs. Hudson J C (Bessie Waldo Daniels)",25,1,2,113781,151,C22 C26,S,1,female
500,0,24,"Svensson, Mr. Olof",24,0,0,350035,7,,S,0,male
502,0,21,"Canavan, Miss. Mary",21,0,0,364846,7,,Q,0,female
503,0,24,"O'Sullivan, Miss. Bridget Mary",24,0,0,330909,7,,Q,0,female
504,0,37,"Laitinen, Miss. Kristina Sofia",37,0,0,4135,9,,S,0,female
505,1,16,"Maioni, Miss. Roberta",16,0,0,110152,86,B79,S,0,female
508,1,24,"Bradley, Mr. George (""George Arthur Brayton"")",24,0,0,111427,26,,S,0,male
509,0,28,"Olsen, Mr. Henry Margido",28,0,0,C 4001,22,,S,0,male
510,1,26,"Lang, Mr. Fang",26,0,0,1601,56,,S,0,male
511,1,29,"Daly, Mr. Eugene Patrick",29,0,0,382651,7,,Q,0,male
512,0,24,"Webber, Mr. James",24,0,0,SOTON/OQ 3101316,8,,S,0,male
513,1,36,"McGough, Mr. James Robert",36,0,0,PC 17473,26,E25,S,0,male
515,0,24,"Coleff, Mr. Satio",24,0,0,349209,7,,S,0,male
516,0,47,"Walker, Mr. William Anderson",47,0,0,36967,34,D46,S,0,male
517,1,34,"Lemore, Mrs. (Amelia Milley)",34,0,0,C.A. 34260,10,F33,S,0,female
518,0,24,"Ryan, Mr. Patrick",24,0,0,371110,24,,Q,0,male
519,1,36,"Angle, Mrs. William A (Florence ""Mary"" Agnes Hughes)",36,1,0,226875,26,,S,1,female
520,0,32,"Pavlovic, Mr. Stefo",32,0,0,349242,7,,S,0,male
521,1,30,"Perreault, Miss. Anne",30,0,0,12749,93,B73,S,0,female
522,0,22,"Vovk, Mr. Janko",22,0,0,349252,7,,S,0,male
523,0,24,"Lahoud, Mr. Sarkis",24,0,0,2624,7,,C,0,male
526,0,40,"Farrell, Mr. James",40,0,0,367232,7,,Q,0,male
527,1,50,"Ridsdale, Miss. Lucy",50,0,0,W./C. 14258,10,,S,0,female
528,0,24,"Farthing, Mr. John",24,0,0,PC 17483,221,C95,S,0,male
529,0,39,"Salonen, Mr. Johan Werner",39,0,0,3101296,7,,S,0,male
530,0,23,"Hocking, Mr. Richard George",23,2,1,29104,11,,S,1,male
531,1,2,"Quick, Miss. Phyllis May",2,1,1,26360,26,,S,1,child
534,1,24,"Peter, Mrs. Catherine (Catherine Rizk)",24,0,2,2668,22,,C,1,female
535,0,30,"Cacic, Miss. Marija",30,0,0,315084,8,,S,0,female
536,1,7,"Hart, Miss. Eva Miriam",7,0,2,F.C.C. 13529,26,,S,1,child
537,0,45,"Butt, Major. Archibald Willingham",45,0,0,113050,26,B38,S,0,male
539,0,24,"Risien, Mr. Samuel Beard",24,0,0,364498,14,,S,0,male
540,1,22,"Frolicher, Miss. Hedwig Margaritha",22,0,2,13568,49,B39,C,1,female
542,0,9,"Andersson, Miss. Ingeborg Constanzia",9,4,2,347082,31,,S,1,child
544,1,32,"Beane, Mr. Edward",32,1,0,2908,26,,S,1,male
547,1,19,"Beane, Mrs. Edward (Ethel Clarke)",19,1,0,2908,26,,S,1,female
548,1,24,"Padro y Manent, Mr. Julian",24,0,0,SC/PARIS 2146,13,,C,0,male
549,0,33,"Goldsmith, Mr. Frank John",33,1,1,363291,20,,S,1,male
550,1,8,"Davies, Master. John Morgan Jr",8,1,1,C.A. 33112,36,,S,1,child
551,1,17,"Thayer, Mr. John Borland Jr",17,0,2,17421,110,C70,C,1,male
552,0,27,"Sharp, Mr. Percival James R",27,0,0,244358,26,,S,0,male
553,0,24,"O'Brien, Mr. Timothy",24,0,0,330979,7,,Q,0,male
554,1,22,"Leeni, Mr. Fahim (""Philip Zenni"")",22,0,0,2620,7,,C,0,male
555,1,22,"Ohman, Miss. Velin",22,0,0,347085,7,,S,0,female
556,0,62,"Wright, Mr. George",62,0,0,113807,26,,S,0,male
557,1,48,"Duff Gordon, Lady. (Lucille Christiana Sutherland) (""Mrs Morgan"")",48,1,0,11755,39,A16,C,1,female
558,0,24,"Robbins, Mr. Victor",24,0,0,PC 17757,227,,C,0,male
559,1,39,"Taussig, Mrs. Emil (Tillie Mandelbaum)",39,1,1,110413,79,E67,S,1,female
560,1,36,"de Messemaeker, Mrs. Guillaume Joseph (Emma)",36,1,0,345572,17,,S,1,female
561,0,24,"Morrow, Mr. Thomas Rowan",24,0,0,372622,7,,Q,0,male
562,0,40,"Sivic, Mr. Husein",40,0,0,349251,7,,S,0,male
563,0,28,"Norman, Mr. Robert Douglas",28,0,0,218629,13,,S,0,male
566,0,24,"Davies, Mr. Alfred J",24,2,0,A/4 48871,24,,S,1,male
567,0,19,"Stoytcheff, Mr. Ilia",19,0,0,349205,7,,S,0,male
568,0,29,"Palsson, Mrs. Nils (Alma Cornelia Berglund)",29,0,4,349909,21,,S,1,female
569,0,24,"Doharr, Mr. Tannous",24,0,0,2686,7,,C,0,male
570,1,32,"Jonsson, Mr. Carl",32,0,0,350417,7,,S,0,male
571,1,62,"Harris, Mr. George",62,0,0,S.W./PP 752,10,,S,0,male
572,1,53,"Appleton, Mrs. Edward Dale (Charlotte Lamson)",53,2,0,11769,51,C101,S,1,female
573,1,36,"Flynn, Mr. John Irwin (""Irving"")",36,0,0,PC 17474,26,E25,S,0,male
574,1,24,"Kelly, Miss. Mary",24,0,0,14312,7,,Q,0,female
575,0,16,"Rush, Mr. Alfred George John",16,0,0,A/4. 20589,8,,S,0,male
576,0,19,"Patchett, Mr. George",19,0,0,358585,14,,S,0,male
577,1,34,"Garside, Miss. Ethel",34,0,0,243880,13,,S,0,female
578,1,39,"Silvey, Mrs. William Baird (Alice Munger)",39,1,0,13507,55,E44,S,1,female
579,0,24,"Caram, Mrs. Joseph (Maria Elias)",24,1,0,2689,14,,C,1,female
580,1,32,"Jussila, Mr. Eiriik",32,0,0,STON/O 2. 3101286,7,,S,0,male
582,1,39,"Thayer, Mrs. John Borland (Marian Longstreth Morris)",39,1,1,17421,110,C68,C,1,female
583,0,54,"Downton, Mr. William James",54,0,0,28403,26,,S,0,male
584,0,36,"Ross, Mr. John Hugo",36,0,0,13049,40,A10,C,0,male
586,1,18,"Taussig, Miss. Ruth",18,0,2,110413,79,E68,S,1,female
587,0,47,"Jarvis, Mr. John Denzil",47,0,0,237565,15,,S,0,male
589,0,22,"Gilinski, Mr. Eliezer",22,0,0,14973,8,,S,0,male
590,0,24,"Murdlin, Mr. Joseph",24,0,0,A./5. 3235,8,,S,0,male
591,0,35,"Rintamaki, Mr. Matti",35,0,0,STON/O 2. 3101273,7,,S,0,male
592,1,52,"Stephenson, Mrs. Walter Bertram (Martha Eustis)",52,1,0,36947,78,D20,C,1,female
593,0,47,"Elsbury, Mr. William James",47,0,0,A/5 3902,7,,S,0,male
594,0,24,"Bourke, Miss. Mary",24,0,2,364848,7,,Q,1,female
595,0,37,"Chapman, Mr. John Henry",37,1,0,SC/AH 29037,26,,S,1,male
596,0,36,"Van Impe, Mr. Jean Baptiste",36,1,1,345773,24,,S,1,male
597,1,24,"Leitch, Miss. Jessie Wills",24,0,0,248727,33,,S,0,female
599,0,24,"Boulos, Mr. Hanna",24,0,0,2664,7,,C,0,male
600,1,49,"Duff Gordon, Sir. Cosmo Edmund (""Mr Morgan"")",49,1,0,PC 17485,56,A20,C,1,male
601,1,24,"Jacobsohn, Mrs. Sidney Samuel (Amy Frances Christy)",24,2,1,243847,27,,S,1,female
602,0,24,"Slabenoff, Mr. Petco",24,0,0,349214,7,,S,0,male
603,0,24,"Harrington, Mr. Charles H",24,0,0,113796,42,,S,0,male
604,0,44,"Torber, Mr. Ernst William",44,0,0,364511,8,,S,0,male
605,1,35,"Homer, Mr. Harry (""Mr E Haven"")",35,0,0,111426,26,,C,0,male
606,0,36,"Lindell, Mr. Edvard Bengtsson",36,1,0,349910,15,,S,1,male
608,1,27,"Daniel, Mr. Robert Williams",27,0,0,113804,30,,S,0,male
609,1,22,"Laroche, Mrs. Joseph (Juliette Marie Louise Lafargue)",22,1,2,SC/Paris 2123,41,,C,1,female
610,1,40,"Shutes, Miss. Elizabeth W",40,0,0,PC 17582,153,C125,S,0,female
611,0,39,"Andersson, Mrs. Anders Johan (Alfrida Konstantia Brogren)",39,1,5,347082,31,,S,1,female
613,1,24,"Murphy, Miss. Margaret Jane",24,1,0,367230,15,,Q,1,female
614,0,24,"Horgan, Mr. John",24,0,0,370377,7,,Q,0,male
615,0,35,"Brocklebank, Mr. William Alfred",35,0,0,364512,8,,S,0,male
616,1,24,"Herman, Miss. Alice",24,1,2,220845,65,,S,1,female
618,0,26,"Lobb, Mrs. William Arthur (Cordelia K Stanlick)",26,1,0,A/5. 3336,16,,S,1,female
619,1,4,"Becker, Miss. Marion Louise",4,2,1,230136,39,F4,S,1,child
620,0,26,"Gavey, Mr. Lawrence",26,0,0,31028,10,,S,0,male
621,0,27,"Yasbeck, Mr. Antoni",27,1,0,2659,14,,C,1,male
622,1,42,"Kimball, Mr. Edwin Nelson Jr",42,1,0,11753,52,D19,S,1,male
623,1,20,"Nakid, Mr. Sahid",20,1,1,2653,15,,C,1,male
624,0,21,"Hansen, Mr. Henry Damsgaard",21,0,0,350029,7,,S,0,male
625,0,21,"Bowen, Mr. David John ""Dai""",21,0,0,54636,16,,S,0,male
626,0,61,"Sutton, Mr. Frederick",61,0,0,36963,32,D50,S,0,male
627,0,57,"Kirkland, Rev. Charles Leonard",57,0,0,219533,12,,Q,0,male
628,1,21,"Longley, Miss. Gretchen Fiske",21,0,0,13502,77,D9,S,0,female
629,0,26,"Bostandyeff, Mr. Guentcho",26,0,0,349224,7,,S,0,male
630,0,24,"O'Connell, Mr. Patrick D",24,0,0,334912,7,,Q,0,male
631,1,80,"Barkworth, Mr. Algernon Henry Wilson",80,0,0,27042,30,A23,S,0,male
632,0,51,"Lundahl, Mr. Johan Svensson",51,0,0,347743,7,,S,0,male
634,0,24,"Parr, Mr. William Henry Marsh",24,0,0,112052,0,,S,0,male
635,0,9,"Skoog, Miss. Mabel",9,3,2,347088,27,,S,1,child
638,0,31,"Collyer, Mr. Harvey",31,1,1,C.A. 31921,26,,S,1,male
640,0,24,"Thorneycroft, Mr. Percival",24,1,0,376564,16,,S,1,male
641,0,20,"Jensen, Mr. Hans Peder",20,0,0,350050,7,,S,0,male
642,1,24,"Sagesser, Mlle. Emma",24,0,0,PC 17477,69,B35,C,0,female
643,0,2,"Skoog, Miss. Margit Elizabeth",2,3,2,347088,27,,S,1,child
644,1,24,"Foo, Mr. Choong",24,0,0,1601,56,,S,0,male
645,1,0,"Baclini, Miss. Eugenie",0,2,1,2666,19,,C,1,child
646,1,48,"Harper, Mr. Henry Sleeper",48,1,0,PC 17572,76,D33,C,1,male
647,0,19,"Cor, Mr. Liudevit",19,0,0,349231,7,,S,0,male
648,1,56,"Simonius-Blumer, Col. Oberst Alfons",56,0,0,13213,35,A26,C,0,male
650,1,23,"Stanley, Miss. Amy Zillah Elsie",23,0,0,CA. 2314,7,,S,0,female
652,1,18,"Doling, Miss. Elsie",18,0,1,231919,23,,S,1,female
653,0,21,"Kalvik, Mr. Johannes Halvorsen",21,0,0,8475,8,,S,0,male
654,1,24,"O'Leary, Miss. Hanora ""Norah""",24,0,0,330919,7,,Q,0,female
656,0,24,"Hickman, Mr. Leonard Mark",24,2,0,S.O.C. 14879,73,,S,1,male
657,0,24,"Radeff, Mr. Alexander",24,0,0,349223,7,,S,0,male
658,0,32,"Bourke, Mrs. John (Catherine)",32,1,1,364849,15,,Q,1,female
659,0,23,"Eitemiller, Mr. George Floyd",23,0,0,29751,13,,S,0,male
661,1,50,"Frauenthal, Dr. Henry William",50,2,0,PC 17611,133,,S,1,male
662,0,40,"Badt, Mr. Mohamed",40,0,0,2623,7,,C,0,male
665,1,20,"Lindqvist, Mr. Eino William",20,1,0,STON/O 2. 3101285,7,,S,1,male
666,0,32,"Hickman, Mr. Lewis",32,2,0,S.O.C. 14879,73,,S,1,male
667,0,25,"Butler, Mr. Reginald Fenton",25,0,0,234686,13,,S,0,male
668,0,24,"Rommetvedt, Mr. Knud Paust",24,0,0,312993,7,,S,0,male
670,1,24,"Taylor, Mrs. Elmer Zebley (Juliet Cummins Wright)",24,1,0,19996,52,C126,S,1,female
671,1,40,"Brown, Mrs. Thomas William Solomon (Elizabeth Catherine Ford)",40,1,1,29750,39,,S,1,female
672,0,31,"Davidson, Mr. Thornton",31,1,0,F.C. 12750,52,B71,S,1,male
674,1,31,"Wilhelms, Mr. Charles",31,0,0,244270,13,,S,0,male
675,0,24,"Watson, Mr. Ennis Hastings",24,0,0,239856,0,,S,0,male
676,0,18,"Edvardsson, Mr. Gustaf Hjalmar",18,0,0,349912,7,,S,0,male
678,1,18,"Turja, Miss. Anna Sofia",18,0,0,4138,9,,S,0,female
679,0,43,"Goodwin, Mrs. Frederick (Augusta Tyler)",43,1,6,CA 2144,46,,S,1,female
680,1,36,"Cardeza, Mr. Thomas Drake Martinez",36,0,1,PC 17755,512,B51 B53 B55,C,1,male
681,0,24,"Peters, Miss. Katie",24,0,0,330935,8,,Q,0,female
682,1,27,"Hassab, Mr. Hammad",27,0,0,PC 17572,76,D49,C,0,male
684,0,14,"Goodwin, Mr. Charles Edward",14,5,2,CA 2144,46,,S,1,child
685,0,60,"Brown, Mr. Thomas William Solomon",60,1,1,29750,39,,S,1,male
686,0,25,"Laroche, Mr. Joseph Philippe Lemercier",25,1,2,SC/Paris 2123,41,,C,1,male
688,0,19,"Dakic, Mr. Branko",19,0,0,349228,10,,S,0,male
689,0,18,"Fischer, Mr. Eberhard Thelander",18,0,0,350036,7,,S,0,male
690,1,15,"Madill, Miss. Georgette Alexandra",15,0,1,24160,211,B5,S,1,child
691,1,31,"Dick, Mr. Albert Adrian",31,1,0,17474,57,B20,S,1,male
695,0,60,"Weir, Col. John",60,0,0,113800,26,,S,0,male
696,0,52,"Chapman, Mr. Charles Henry",52,0,0,248731,13,,S,0,male
697,0,44,"Kelly, Mr. James",44,0,0,363592,8,,S,0,male
698,1,24,"Mullens, Miss. Katherine ""Katie""",24,0,0,35852,7,,Q,0,female
699,0,49,"Thayer, Mr. John Borland",49,1,1,17421,110,C68,C,1,male
700,0,42,"Humblen, Mr. Adolf Mathias Nicolai Olsen",42,0,0,348121,7,F G63,S,0,male
701,1,18,"Astor, Mrs. John Jacob (Madeleine Talmadge Force)",18,1,0,PC 17757,227,C62 C64,C,1,female
702,1,35,"Silverthorne, Mr. Spencer Victor",35,0,0,PC 17475,26,E24,S,0,male
704,0,25,"Gallagher, Mr. Martin",25,0,0,36864,7,,Q,0,male
705,0,26,"Hansen, Mr. Henrik Juul",26,1,0,350025,7,,S,1,male
706,0,39,"Morley, Mr. Henry Samuel (""Mr Henry Marshall"")",39,0,0,250655,26,,S,0,male
707,1,45,"Kelly, Mrs. Florence ""Fannie""",45,0,0,223596,13,,S,0,female
708,1,42,"Calderhead, Mr. Edward Pennington",42,0,0,PC 17476,26,E24,S,0,male
709,1,22,"Cleaver, Miss. Alice",22,0,0,113781,151,,S,0,female
710,1,24,"Moubarek, Master. Halim Gonios (""William George"")",24,1,1,2661,15,,C,1,male
711,1,24,"Mayne, Mlle. Berthe Antonine (""Mrs de Villiers"")",24,0,0,PC 17482,49,C90,C,0,female
712,0,24,"Klaber, Mr. Herman",24,0,0,113028,26,C124,S,0,male
713,1,48,"Taylor, Mr. Elmer Zebley",48,1,0,19996,52,C126,S,1,male
714,0,29,"Larsson, Mr. August Viktor",29,0,0,7545,9,,S,0,male
715,0,52,"Greenberg, Mr. Samuel",52,0,0,250647,13,,S,0,male
716,0,19,"Soholt, Mr. Peter Andreas Lauritz Andersen",19,0,0,348124,7,F G73,S,0,male
717,1,38,"Endres, Miss. Caroline Louise",38,0,0,PC 17757,227,C45,C,0,female
718,1,27,"Troutt, Miss. Edwina Celia ""Winnie""",27,0,0,34218,10,E101,S,0,female
720,0,33,"Johnson, Mr. Malkolm Joackim",33,0,0,347062,7,,S,0,male
721,1,6,"Harper, Miss. Annie Jessie ""Nina""",6,0,1,248727,33,,S,1,child
722,0,17,"Jensen, Mr. Svend Lauritz",17,1,0,350048,7,,S,1,male
723,0,34,"Gillespie, Mr. William Henry",34,0,0,12233,13,,S,0,male
724,0,50,"Hodges, Mr. Henry Price",50,0,0,250643,13,,S,0,male
725,1,27,"Chambers, Mr. Norman Campbell",27,1,0,113806,53,E8,S,1,male
726,0,20,"Oreskovic, Mr. Luka",20,0,0,315094,8,,S,0,male
727,1,30,"Renouf, Mrs. Peter Henry (Lillian Jefferys)",30,3,0,31027,21,,S,1,female
729,0,25,"Bryhl, Mr. Kurt Arnold Gottfrid",25,1,0,236853,26,,S,1,male
731,1,29,"Allen, Miss. Elisabeth Walton",29,0,0,24160,211,B5,S,0,female
732,0,11,"Hassan, Mr. Houssein G N",11,0,0,2699,18,,C,0,child
733,0,24,"Knight, Mr. Robert J",24,0,0,239855,0,,S,0,male
734,0,23,"Berriman, Mr. William John",23,0,0,28425,13,,S,0,male
735,0,23,"Troupiansky, Mr. Moses Aaron",23,0,0,233639,13,,S,0,male
736,0,28,"Williams, Mr. Leslie",28,0,0,54636,16,,S,0,male
737,0,48,"Ford, Mrs. Edward (Margaret Ann Watson)",48,1,3,W./C. 6608,34,,S,1,female
738,1,35,"Lesurer, Mr. Gustave J",35,0,0,PC 17755,512,B101,C,0,male
739,0,24,"Ivanoff, Mr. Kanio",24,0,0,349201,7,,S,0,male
740,0,24,"Nankoff, Mr. Minko",24,0,0,349218,7,,S,0,male
741,1,24,"Hawksford, Mr. Walter James",24,0,0,16988,30,D45,S,0,male
742,0,36,"Cavendish, Mr. Tyrell William",36,1,0,19877,78,C46,S,1,male
743,1,21,"Ryerson, Miss. Susan Parker ""Suzette""",21,2,2,PC 17608,262,B57 B59 B63 B66,C,1,female
744,0,24,"McNamee, Mr. Neal",24,1,0,376566,16,,S,1,male
745,1,31,"Stranden, Mr. Juho",31,0,0,STON/O 2. 3101288,7,,S,0,male
747,0,16,"Abbott, Mr. Rossmore Edward",16,1,1,C.A. 2673,20,,S,1,male
748,1,30,"Sinkkonen, Miss. Anna",30,0,0,250648,13,,S,0,female
749,0,19,"Marvin, Mr. Daniel Warner",19,1,0,113773,53,D30,S,1,male
750,0,31,"Connaghton, Mr. Michael",31,0,0,335097,7,,Q,0,male
751,1,4,"Wells, Miss. Joan",4,1,1,29103,23,,S,1,child
752,1,6,"Moor, Master. Meier",6,0,1,392096,12,E121,S,1,child
753,0,33,"Vande Velde, Mr. Johannes Joseph",33,0,0,345780,9,,S,0,male
754,0,23,"Jonkoff, Mr. Lalio",23,0,0,349204,7,,S,0,male
755,1,48,"Herman, Mrs. Samuel (Jane Laver)",48,1,2,220845,65,,S,1,female
756,1,0,"Hamalainen, Master. Viljo",0,1,1,250649,14,,S,1,child
758,0,18,"Bailey, Mr. Percy Andrew",18,0,0,29108,11,,S,0,male
759,0,34,"Theobald, Mr. Thomas Leonard",34,0,0,363294,8,,S,0,male
760,1,33,"Rothes, the Countess. of (Lucy Noel Martha Dyer-Edwards)",33,0,0,110152,86,B77,S,0,female
762,0,41,"Nirva, Mr. Iisakki Antino Aijo",41,0,0,SOTON/O2 3101272,7,,S,0,male
764,1,36,"Carter, Mrs. William Ernest (Lucile Polk)",36,1,2,113760,120,B96 B98,S,1,female
765,0,16,"Eklund, Mr. Hans Linus",16,0,0,347074,7,,S,0,male
767,0,24,"Brewe, Dr. Arthur Jackson",24,0,0,112379,39,,C,0,male
768,0,30,"Mangan, Miss. Mary",30,0,0,364850,7,,Q,0,female
769,0,24,"Moran, Mr. Daniel J",24,1,0,371110,24,,Q,1,male
770,0,32,"Gronnestad, Mr. Daniel Danielsen",32,0,0,8471,8,,S,0,male
771,0,24,"Lievens, Mr. Rene Aime",24,0,0,345781,9,,S,0,male
772,0,48,"Jensen, Mr. Niels Peder",48,0,0,350047,7,,S,0,male
773,0,57,"Mack, Mrs. (Mary)",57,0,0,S.O./P.P. 3,10,E77,S,0,female
775,1,54,"Hocking, Mrs. Elizabeth (Eliza Needs)",54,1,3,29105,23,,S,1,female
776,0,18,"Myhrman, Mr. Pehr Fabian Oliver Malkolm",18,0,0,347078,7,,S,0,male
778,1,5,"Emanuel, Miss. Virginia Ethel",5,0,0,364516,12,,S,0,child
779,0,24,"Kilgannon, Mr. Thomas J",24,0,0,36865,7,,Q,0,male
780,1,43,"Robert, Mrs. Edward Scott (Elisabeth Walton McMillan)",43,0,1,24160,211,B3,S,1,female
782,1,17,"Dick, Mrs. Albert Adrian (Vera Gillespie)",17,1,0,17474,57,B20,S,1,female
783,0,29,"Long, Mr. Milton Clyde",29,0,0,113501,30,D6,S,0,male
784,0,24,"Johnston, Mr. Andrew G",24,1,2,W./C. 6607,23,,S,1,male
785,0,25,"Ali, Mr. William",25,0,0,SOTON/O.Q. 3101312,7,,S,0,male
786,0,25,"Harmer, Mr. Abraham (David Lishin)",25,0,0,374887,7,,S,0,male
788,0,8,"Rice, Master. George Hugh",8,4,1,382652,29,,Q,1,child
789,1,1,"Dean, Master. Bertram Vere",1,1,2,C.A. 2315,20,,S,1,child
790,0,46,"Guggenheim, Mr. Benjamin",46,0,0,PC 17593,79,B82 B84,C,0,male
791,0,24,"Keane, Mr. Andrew ""Andy""",24,0,0,12460,7,,Q,0,male
792,0,16,"Gaskell, Mr. Alfred",16,0,0,239865,26,,S,0,male
793,0,24,"Sage, Miss. Stella Anna",24,8,2,CA. 2343,69,,S,1,female
795,0,25,"Dantcheff, Mr. Ristiu",25,0,0,349203,7,,S,0,male
796,0,39,"Otter, Mr. Richard",39,0,0,28213,13,,S,0,male
797,1,49,"Leader, Dr. Alice (Farnham)",49,0,0,17465,25,D17,S,0,female
798,1,31,"Osman, Mrs. Mara",31,0,0,349244,8,,S,0,female
799,0,30,"Ibrahim Shawah, Mr. Yousseff",30,0,0,2685,7,,C,0,male
801,0,34,"Ponesell, Mr. Martin",34,0,0,250647,13,,S,0,male
803,1,11,"Carter, Master. William Thornton II",11,1,2,113760,120,B96 B98,S,1,child
806,0,31,"Johansson, Mr. Karl Johan",31,0,0,347063,7,,S,0,male
807,0,39,"Andrews, Mr. Thomas Jr",39,0,0,112050,0,A36,S,0,male
808,0,18,"Pettersson, Miss. Ellen Natalia",18,0,0,347087,7,,S,0,female
809,0,39,"Meyer, Mr. August",39,0,0,248723,13,,S,0,male
810,1,33,"Chambers, Mrs. Norman Campbell (Bertha Griggs)",33,1,0,113806,53,E8,S,1,female
813,0,35,"Slemen, Mr. Richard James",35,0,0,28206,10,,S,0,male
814,0,6,"Andersson, Miss. Ebba Iris Alfrida",6,4,2,347082,31,,S,1,child
815,0,30,"Tomlin, Mr. Ernest Portage",30,0,0,364499,8,,S,0,male
816,0,24,"Fry, Mr. Richard",24,0,0,112058,0,B102,S,0,male
817,0,23,"Heininen, Miss. Wendla Maria",23,0,0,STON/O2. 3101290,7,,S,0,female
819,0,43,"Holm, Mr. John Fredrik Alexander",43,0,0,C 7075,6,,S,0,male
820,0,10,"Skoog, Master. Karl Thorsten",10,3,2,347088,27,,S,1,child
821,1,52,"Hays, Mrs. Charles Melville (Clara Jennings Gregg)",52,1,1,12749,93,B69,S,1,female
822,1,27,"Lulic, Mr. Nikola",27,0,0,315098,8,,S,0,male
824,1,27,"Moor, Mrs. (Beila)",27,0,1,392096,12,E121,S,1,female
825,0,2,"Panula, Master. Urho Abraham",2,4,1,3101295,39,,S,1,child
826,0,24,"Flynn, Mr. John",24,0,0,368323,6,,Q,0,male
828,1,1,"Mallet, Master. Andre",1,0,2,S.C./PARIS 2079,37,,C,1,child
830,1,62,"Stone, Mrs. George Nelson (Martha Evelyn)",62,0,0,113572,80,B28,,0,female
832,1,0,"Richards, Master. George Sibley",0,1,1,29106,18,,S,1,child
833,0,24,"Saad, Mr. Amin",24,0,0,2671,7,,C,0,male
834,0,23,"Augustsson, Mr. Albert",23,0,0,347468,7,,S,0,male
835,0,18,"Allum, Mr. Owen George",18,0,0,2223,8,,S,0,male
836,1,39,"Compton, Miss. Sara Rebecca",39,1,1,PC 17756,83,E49,C,1,female
838,0,24,"Sirota, Mr. Maurice",24,0,0,392092,8,,S,0,male
839,1,32,"Chip, Mr. Chang",32,0,0,1601,56,,S,0,male
840,1,24,"Marechal, Mr. Pierre",24,0,0,11774,29,C47,C,0,male
841,0,20,"Alhomaki, Mr. Ilmari Rudolf",20,0,0,SOTON/O2 3101287,7,,S,0,male
842,0,16,"Mudd, Mr. Thomas Charles",16,0,0,S.O./P.P. 3,10,,S,0,male
843,1,30,"Serepeca, Miss. Augusta",30,0,0,113798,31,,C,0,female
844,0,34,"Lemberopolous, Mr. Peter L",34,0,0,2683,6,,C,0,male
845,0,17,"Culumovic, Mr. Jeso",17,0,0,315090,8,,S,0,male
846,0,42,"Abbing, Mr. Anthony",42,0,0,C.A. 5547,7,,S,0,male
848,0,35,"Markoff, Mr. Marin",35,0,0,349213,7,,C,0,male
850,1,24,"Goldenberg, Mrs. Samuel L (Edwiga Grabowska)",24,1,0,17453,89,C92,C,1,female
851,0,4,"Andersson, Master. Sigvard Harald Elias",4,4,2,347082,31,,S,1,child
852,0,74,"Svensson, Mr. Johan",74,0,0,347060,7,,S,0,male
853,0,9,"Boulos, Miss. Nourelain",9,1,1,2678,15,,C,1,child
855,0,44,"Carter, Mrs. Ernest Courtenay (Lilian Hughes)",44,1,0,244252,26,,S,1,female
856,1,18,"Aks, Mrs. Sam (Leah Rosen)",18,0,1,392091,9,,S,1,female
857,1,45,"Wick, Mrs. George Dennick (Mary Hitchcock)",45,1,1,36928,164,,S,1,female
858,1,51,"Daly, Mr. Peter Denis ",51,0,0,113055,26,E17,S,0,male
859,1,24,"Baclini, Mrs. Solomon (Latifa Qurban)",24,0,3,2666,19,,C,1,female
860,0,24,"Razi, Mr. Raihed",24,0,0,2629,7,,C,0,male
861,0,41,"Hansen, Mr. Claus Peter",41,2,0,350026,14,,S,1,male
862,0,21,"Giles, Mr. Frederick Edward",21,1,0,28134,11,,S,1,male
864,0,24,"Sage, Miss. Dorothy Edith ""Dolly""",24,8,2,CA. 2343,69,,S,1,female
865,0,24,"Gill, Mr. John William",24,0,0,233866,13,,S,0,male
866,1,42,"Bystrom, Mrs. (Karolina)",42,0,0,236852,13,,S,0,female
867,1,27,"Duran y More, Miss. Asuncion",27,1,0,SC/PARIS 2149,13,,C,1,female
868,0,31,"Roebling, Mr. Washington Augustus II",31,0,0,PC 17590,50,A24,S,0,male
869,0,24,"van Melkebeke, Mr. Philemon",24,0,0,345777,9,,S,0,male
870,1,4,"Johnson, Master. Harold Theodor",4,1,1,347742,11,,S,1,child
871,0,26,"Balkic, Mr. Cerin",26,0,0,349248,7,,S,0,male
872,1,47,"Beckwith, Mrs. Richard Leonard (Sallie Monypeny)",47,1,1,11751,52,D35,S,1,female
873,0,33,"Carlsson, Mr. Frans Olof",33,0,0,695,5,B51 B53 B55,S,0,male
874,0,47,"Vander Cruyssen, Mr. Victor",47,0,0,345765,9,,S,0,male
875,1,28,"Abelson, Mrs. Samuel (Hannah Wizosky)",28,1,0,P/PP 3381,24,,C,1,female
876,1,15,"Najib, Miss. Adele Kiamie ""Jane""",15,0,0,2667,7,,C,0,child
877,0,20,"Gustafsson, Mr. Alfred Ossian",20,0,0,7534,9,,S,0,male
879,0,24,"Laleff, Mr. Kristo",24,0,0,349217,7,,S,0,male
880,1,56,"Potter, Mrs. Thomas Jr (Lily Alexenia Wilson)",56,0,1,11767,83,C50,C,1,female
881,1,25,"Shelley, Mrs. William (Imanita Parrish Hall)",25,0,1,230433,26,,S,1,female
882,0,33,"Markun, Mr. Johann",33,0,0,349257,7,,S,0,male
883,0,22,"Dahlberg, Miss. Gerda Ulrika",22,0,0,7552,10,,S,0,female
884,0,28,"Banfield, Mr. Frederick James",28,0,0,C.A./SOTON 34068,10,,S,0,male
885,0,25,"Sutehall, Mr. Henry Jr",25,0,0,SOTON/OQ 392076,7,,S,0,male
886,0,39,"Rice, Mrs. William (Margaret Norton)",39,0,5,382652,29,,Q,1,female
887,0,27,"Montvila, Rev. Juozas",27,0,0,211536,13,,S,0,male
888,1,19,"Graham, Miss. Margaret Edith",19,0,0,112053,30,B42,S,0,female
889,0,24,"Johnston, Miss. Catherine Helen ""Carrie""",24,1,2,W./C. 6607,23,,S,1,female
890,1,26,"Behr, Mr. Karl Howell",26,0,0,111369,30,C148,C,0,male
